package_id,item_id,score,order,type
6672e08f-c675-4763-bb97-fe6b96baf538,0f628736-a564-4cde-b2e2-69290bc3561b,0,0,intro
6672e08f-c675-4763-bb97-fe6b96baf538,34167b0d-7e4d-4e99-a8c1-5f495914a5b6,0,0,question
6672e08f-c675-4763-bb97-fe6b96baf538,b9c66f69-31a5-4342-b7d0-c37ac5bd5a7c,0,0,question
6672e08f-c675-4763-bb97-fe6b96baf538,68460af7-ecc4-4248-8222-1c5de000ebc3,0,0,question
6672e08f-c675-4763-bb97-fe6b96baf538,02325396-11b4-4a54-a33d-926b7fa944a7,0,0,question
6672e08f-c675-4763-bb97-fe6b96baf538,fb58dd0f-ba02-45ea-95e3-14790c9a45d5,0,0,question
6672e08f-c675-4763-bb97-fe6b96baf538,3007ed6c-aa34-4ce0-a45b-cbae038322d5,0,0,question
6672e08f-c675-4763-bb97-fe6b96baf538,06416a45-c2f0-4cf2-8ba9-04ca8f9d61c4,0,0,question
6672e08f-c675-4763-bb97-fe6b96baf538,5df3e4d2-579f-4587-a850-3995c6e226ef,0,0,question
6672e08f-c675-4763-bb97-fe6b96baf538,4f0e729f-57a0-441b-8c70-f1f454d37026,0,0,question
6672e08f-c675-4763-bb97-fe6b96baf538,89e26054-7591-4d31-9023-9be9ed41c5a5,0,0,question
6672e08f-c675-4763-bb97-fe6b96baf538,d7684622-1bd3-4d57-aaf2-51ed631dc5dc,0,0,question
6672e08f-c675-4763-bb97-fe6b96baf538,e311c609-2d40-4022-a7f3-39eb3ba6b910,0,0,question
6672e08f-c675-4763-bb97-fe6b96baf538,69c3fa0a-b56c-4f8c-a0b8-8bd8e6af81d4,0,0,question
6672e08f-c675-4763-bb97-fe6b96baf538,d130114f-b4b0-4ccb-ade0-b9191704e31a,0,0,question
6672e08f-c675-4763-bb97-fe6b96baf538,19d2c09b-7674-4559-ae52-2670c5c92a5a,0,0,question
6672e08f-c675-4763-bb97-fe6b96baf538,ccfe894e-04fe-4869-b370-8d668fbf5532,0,0,question
6672e08f-c675-4763-bb97-fe6b96baf538,4b1ece9f-d789-49ef-90f4-eab446e798e6,0,0,question
6672e08f-c675-4763-bb97-fe6b96baf538,0b8947a9-f2fc-4f73-ae22-ebea4606bd08,0,0,question
6672e08f-c675-4763-bb97-fe6b96baf538,af0f212b-ce02-44f8-aef8-56d9c27eba84,0,0,question
6672e08f-c675-4763-bb97-fe6b96baf538,ac44dcf8-675a-4127-8694-379e3bfc9f06,0,0,question
6672e08f-c675-4763-bb97-fe6b96baf538,1ed493ec-aa42-441b-b902-9acff0843805,0,0,question
6672e08f-c675-4763-bb97-fe6b96baf538,e8f8ce64-ba96-41a7-a14c-960523801cea,0,0,question
6672e08f-c675-4763-bb97-fe6b96baf538,c33f5585-bc6a-4856-9e23-b210f66346d2,0,0,question
6672e08f-c675-4763-bb97-fe6b96baf538,bd4c38ae-7a62-414d-b94f-37c557a47f70,0,0,question
6672e08f-c675-4763-bb97-fe6b96baf538,395af86b-6f7d-4adc-ae37-dd9f85cf6de4,0,0,question
6672e08f-c675-4763-bb97-fe6b96baf538,1e6fb2b3-89e6-4e4b-b031-03b84f8f2912,0,0,question
6672e08f-c675-4763-bb97-fe6b96baf538,8116f15a-50db-4e86-8bfd-4099c2929a1f,0,0,question
6672e08f-c675-4763-bb97-fe6b96baf538,c36ab4d3-fbd7-4eb1-82ed-9da08c13b6ff,0,0,question
6672e08f-c675-4763-bb97-fe6b96baf538,e5d331c4-cb78-4ed2-ace5-e86485718c6a,0,0,question
6672e08f-c675-4763-bb97-fe6b96baf538,a20cbf47-7245-40c4-a420-3011eedce478,0,0,question
2c4b3180-8ff5-4eac-88ca-0c197aefd234,8d967687-8068-49f8-b830-7b045b28a673,0,0,intro
2c4b3180-8ff5-4eac-88ca-0c197aefd234,368e2f04-074a-4e23-8cfb-ff510b9e5ccb,0,0,question
2c4b3180-8ff5-4eac-88ca-0c197aefd234,fd09a166-4d36-47d3-a470-87901592feb2,0,0,question
3373cff6-6687-4c1c-a41b-2cbe483c2d57,0cdc01d7-b3ba-4ee7-be2f-81d037bd2a87,0,0,intro
3373cff6-6687-4c1c-a41b-2cbe483c2d57,f2c521bb-305c-4077-956b-1ad7d77f2eea,0,0,question
3373cff6-6687-4c1c-a41b-2cbe483c2d57,f33c63cb-b147-4528-8231-45a7808f5030,0,0,question
3373cff6-6687-4c1c-a41b-2cbe483c2d57,610445c2-adc9-48eb-9ad9-8b3f24696724,0,0,question
d281a464-9032-4420-9520-179a3df1da69,87cb9e44-b4d2-40cc-b63a-4961c8fb0f40,0,0,intro
d281a464-9032-4420-9520-179a3df1da69,59bc8c2e-8c48-4b46-af79-1fcc71923fac,0,0,question
d281a464-9032-4420-9520-179a3df1da69,ab95d017-6162-487f-a79b-1af41fe3daeb,0,0,question
d281a464-9032-4420-9520-179a3df1da69,5ea21d42-2464-4e60-89de-9fd26546e519,0,0,question
d281a464-9032-4420-9520-179a3df1da69,9e1a995f-a3c7-44ae-9bbf-14a66c53c987,0,0,question
d281a464-9032-4420-9520-179a3df1da69,5d251706-1762-4c33-8a36-6ca445c9a3e3,0,0,question
d281a464-9032-4420-9520-179a3df1da69,ac7672cb-fb47-439e-9a1f-f2bdb8359e54,0,0,question
d281a464-9032-4420-9520-179a3df1da69,f283d4eb-4eb3-4367-8fc5-31a383018dbb,0,0,question
d281a464-9032-4420-9520-179a3df1da69,3cb4795d-9b2a-4e8a-b45a-15de3ecf6849,0,0,question
d281a464-9032-4420-9520-179a3df1da69,c581a9d5-02dd-4e64-ad8f-ddd958946fe9,0,0,question
d281a464-9032-4420-9520-179a3df1da69,92f32f07-87ed-4aca-b6cd-86d52e532eca,0,0,question
d281a464-9032-4420-9520-179a3df1da69,2a6fbe87-a019-45fa-b771-ed06b2be699c,0,0,question
d281a464-9032-4420-9520-179a3df1da69,da86af5c-6acd-44e4-ba6a-2e7e0024cbe9,0,0,question
d281a464-9032-4420-9520-179a3df1da69,bb95e639-89a1-4964-be96-3ff1710a7f28,0,0,question
d281a464-9032-4420-9520-179a3df1da69,2ae2dd6b-271b-4858-ad33-4a5e2055fee5,0,0,question
d281a464-9032-4420-9520-179a3df1da69,7e421ecc-1b73-41bc-876a-9d917980f990,0,0,question
d18508cb-b757-4e89-a48b-6dea1ea01b3a,5b9d1585-571a-4d88-97ca-24b043bef9e8,0,0,intro
d18508cb-b757-4e89-a48b-6dea1ea01b3a,0bb5e0fe-b73c-4bec-8629-a3000d65fe90,0,0,question
d18508cb-b757-4e89-a48b-6dea1ea01b3a,e3365415-c89b-4014-83d0-99d678e0aba2,0,0,question
d18508cb-b757-4e89-a48b-6dea1ea01b3a,e28abbcd-1f50-4265-b83e-ad2af900b4c9,0,0,question
d18508cb-b757-4e89-a48b-6dea1ea01b3a,b9904135-c8e6-4ac5-bf4f-bcb4466f359e,0,0,question
d18508cb-b757-4e89-a48b-6dea1ea01b3a,7a78062b-d730-454b-8a26-29fda68fa945,0,0,question
d18508cb-b757-4e89-a48b-6dea1ea01b3a,8fab900c-edaa-4caf-9a87-f9f0a6df7b37,0,0,question
d18508cb-b757-4e89-a48b-6dea1ea01b3a,1eeb1eb7-d941-4c37-80ed-c6b90b283f7a,0,0,question
d18508cb-b757-4e89-a48b-6dea1ea01b3a,a468166f-e125-4a30-9a51-ec2e2681a202,0,0,question
d18508cb-b757-4e89-a48b-6dea1ea01b3a,289fe92b-5c43-47a3-86df-c03bb37afbea,0,0,question
d18508cb-b757-4e89-a48b-6dea1ea01b3a,30fd2973-507f-4f0a-893c-95c65bb82bcf,0,0,question
d18508cb-b757-4e89-a48b-6dea1ea01b3a,d76fcbdd-0f07-4ad9-ab07-fd0a79657b21,0,0,question
d18508cb-b757-4e89-a48b-6dea1ea01b3a,e7a23758-afbf-4cb3-8837-45a5fa53ef65,0,0,question
d18508cb-b757-4e89-a48b-6dea1ea01b3a,6c135fdd-be1f-4985-b80b-5f528c5e0ed3,0,0,question
d18508cb-b757-4e89-a48b-6dea1ea01b3a,9e44fa3b-5b27-4a6d-9bfe-8ebd9339efa4,0,0,question
d18508cb-b757-4e89-a48b-6dea1ea01b3a,857574e0-4174-4f7a-a90d-f8430d9c0463,0,0,question
d18508cb-b757-4e89-a48b-6dea1ea01b3a,8fe9e41f-9002-4507-a57b-6236daeafd8a,0,0,question
d18508cb-b757-4e89-a48b-6dea1ea01b3a,e77a7676-d332-4c98-8eca-b3dffa2ebb02,0,0,question
d18508cb-b757-4e89-a48b-6dea1ea01b3a,168ea15f-f68e-451f-81e5-b40c4fc469c7,0,0,question
d18508cb-b757-4e89-a48b-6dea1ea01b3a,a8572ade-bcb3-4446-95ab-b60d2efd47f1,0,0,question
d18508cb-b757-4e89-a48b-6dea1ea01b3a,734e8b91-5bac-4230-9996-703e9daa731c,0,0,question
d18508cb-b757-4e89-a48b-6dea1ea01b3a,6cc39ca7-d983-49aa-b7d7-8f2cffa4ca83,0,0,question
d18508cb-b757-4e89-a48b-6dea1ea01b3a,37f59ead-5b4d-41f1-b19b-7772cea7595c,0,0,question
d18508cb-b757-4e89-a48b-6dea1ea01b3a,2d5c87d6-b26d-4c61-b97c-4c183c12e79e,0,0,question
d18508cb-b757-4e89-a48b-6dea1ea01b3a,e1b6d7ec-4b11-459f-b324-b7e440cd303a,0,0,question
d18508cb-b757-4e89-a48b-6dea1ea01b3a,887a71a8-4268-4f02-97b9-473b4f7e7777,0,0,question
50e53574-55f4-47d8-8343-0229629ee782,d41904e5-68d4-4cc6-9897-329b8e2aaa6c,0,0,intro
50e53574-55f4-47d8-8343-0229629ee782,a43fee5a-4423-4a43-99f8-322ae270fc9a,0,0,question
50e53574-55f4-47d8-8343-0229629ee782,14adcb21-cbee-4277-a86b-9e51aabc01b4,0,0,question
50e53574-55f4-47d8-8343-0229629ee782,8edda8e2-8713-4650-8f37-3884e8a25e31,0,0,question
50e53574-55f4-47d8-8343-0229629ee782,3b3b47c2-81d1-4fa6-89b7-8be23c771afa,0,0,question
50e53574-55f4-47d8-8343-0229629ee782,19ed46ec-b469-4aea-b679-9bc704d02a8d,0,0,question
00a8cef6-29c6-4033-9e7a-f77f6f08f8ce,0f628736-a564-4cde-b2e2-69290bc3561b,0,0,intro
051cf16e-f983-4b97-a8b4-8b9e190d4139,8d967687-8068-49f8-b830-7b045b28a673,0,0,intro
81cd2f29-f2de-423b-b0f3-fb8f1a2fc64a,0cdc01d7-b3ba-4ee7-be2f-81d037bd2a87,0,0,intro
b2d3e7d3-e10f-48cd-9fbd-7527bd2f697b,87cb9e44-b4d2-40cc-b63a-4961c8fb0f40,0,0,intro
27555232-3f2e-4102-89c2-2d35d4d27007,5b9d1585-571a-4d88-97ca-24b043bef9e8,0,0,intro
eebaa6ef-8750-4fa2-8f95-ce0425ffb8f0,d41904e5-68d4-4cc6-9897-329b8e2aaa6c,0,0,intro
00a8cef6-29c6-4033-9e7a-f77f6f08f8ce,0602d69c-2857-4650-b488-b69c5b949544,0,0,question
00a8cef6-29c6-4033-9e7a-f77f6f08f8ce,99d6893d-1597-465d-bf31-7691dbd1c0c7,0,0,question
00a8cef6-29c6-4033-9e7a-f77f6f08f8ce,fc3db005-5d2d-4bf0-8f71-9c2984caa98e,0,0,question
00a8cef6-29c6-4033-9e7a-f77f6f08f8ce,6c8c7df5-70f7-42f2-87ef-243760c8c8a4,0,0,question
00a8cef6-29c6-4033-9e7a-f77f6f08f8ce,c3561297-9512-41a6-a6df-1687e91508f0,0,0,question
00a8cef6-29c6-4033-9e7a-f77f6f08f8ce,6ea9ff08-3bc3-4661-9a47-f313ae47eac9,0,0,question
00a8cef6-29c6-4033-9e7a-f77f6f08f8ce,d150e6c4-e58c-4227-92be-e30af778d8b7,0,0,question
00a8cef6-29c6-4033-9e7a-f77f6f08f8ce,f3ca4821-2ad3-4afa-bb97-1f8b40b162b9,0,0,question
00a8cef6-29c6-4033-9e7a-f77f6f08f8ce,088f6474-d276-4836-9a9d-3fd14e7d495b,0,0,question
00a8cef6-29c6-4033-9e7a-f77f6f08f8ce,ff217125-8c50-481c-9c19-47f7ceab285e,0,0,question
00a8cef6-29c6-4033-9e7a-f77f6f08f8ce,2545b6e3-3878-46d9-bdbc-30c40cc529ea,0,0,question
00a8cef6-29c6-4033-9e7a-f77f6f08f8ce,60c9f16d-dc39-459d-896b-ff8b55b439c5,0,0,question
00a8cef6-29c6-4033-9e7a-f77f6f08f8ce,2897d93f-aa87-4c06-8469-6fe2de96af70,0,0,question
00a8cef6-29c6-4033-9e7a-f77f6f08f8ce,dbc333dd-89cb-4ff8-af4e-f1c13c68601b,0,0,question
00a8cef6-29c6-4033-9e7a-f77f6f08f8ce,6e5580f8-bfca-44aa-837b-6e7ba7a918c7,0,0,question
00a8cef6-29c6-4033-9e7a-f77f6f08f8ce,d4402d59-1c0b-4631-8450-4824b43f2911,0,0,question
00a8cef6-29c6-4033-9e7a-f77f6f08f8ce,9c78d253-ac1a-438c-bb67-b1ebf61c36b9,0,0,question
00a8cef6-29c6-4033-9e7a-f77f6f08f8ce,4a177e3b-c49f-443f-9478-33e2ce08d2ee,0,0,question
81cd2f29-f2de-423b-b0f3-fb8f1a2fc64a,581d5f4d-f3ed-4d40-80f4-8f099609c82a,0,0,question
81cd2f29-f2de-423b-b0f3-fb8f1a2fc64a,b0bad555-a2b3-4e22-bf7a-b018906044cb,0,0,question
81cd2f29-f2de-423b-b0f3-fb8f1a2fc64a,1f1b06fa-1b09-481c-88a0-b44693bc5371,0,0,question
051cf16e-f983-4b97-a8b4-8b9e190d4139,d8f8ab25-ce7d-4b5a-b2c5-ef762e0d3373,0,0,question
051cf16e-f983-4b97-a8b4-8b9e190d4139,36972332-b1b1-44dd-ae01-9122b29cc6f6,0,0,question
051cf16e-f983-4b97-a8b4-8b9e190d4139,f4580d00-41a6-498e-adb7-c19f0cd9dd23,0,0,question
051cf16e-f983-4b97-a8b4-8b9e190d4139,0c9434c6-84f9-4faa-a818-b338887071a4,0,0,question
051cf16e-f983-4b97-a8b4-8b9e190d4139,2468afca-5f7a-4c42-8f25-fb45d1c6cba3,0,0,question
051cf16e-f983-4b97-a8b4-8b9e190d4139,acb51603-b256-4c45-80c8-437d6da3b40e,0,0,question
81cd2f29-f2de-423b-b0f3-fb8f1a2fc64a,3827800f-51f6-4e5f-8748-143ef7c4d146,0,0,question
81cd2f29-f2de-423b-b0f3-fb8f1a2fc64a,46725215-1ccb-428d-875b-4aeba1ed2b08,0,0,question
eebaa6ef-8750-4fa2-8f95-ce0425ffb8f0,584ef61c-1694-4e25-b285-77dd026d1386,0,0,question
eebaa6ef-8750-4fa2-8f95-ce0425ffb8f0,4687f8fa-9db9-4a1f-a6aa-086c214de5b7,0,0,question
eebaa6ef-8750-4fa2-8f95-ce0425ffb8f0,86caf2a9-83d2-4d0a-a299-e636cc765668,0,0,question
eebaa6ef-8750-4fa2-8f95-ce0425ffb8f0,3244a092-1f9b-4309-8759-07ccba786576,0,0,question
eebaa6ef-8750-4fa2-8f95-ce0425ffb8f0,504c9ada-d83d-4df0-9d5f-e23ac47989dd,0,0,question
eebaa6ef-8750-4fa2-8f95-ce0425ffb8f0,fbb576cf-b944-4740-89d8-e45844a5085e,0,0,question
eebaa6ef-8750-4fa2-8f95-ce0425ffb8f0,d59c6845-08f5-4f7c-9c7e-3c9b3bc4809e,0,0,question
eebaa6ef-8750-4fa2-8f95-ce0425ffb8f0,15299179-6168-4e12-8aca-6c2bedeef2dd,0,0,question
eebaa6ef-8750-4fa2-8f95-ce0425ffb8f0,1a41adc2-a877-4c97-9aed-d4303ab74593,0,0,question
eebaa6ef-8750-4fa2-8f95-ce0425ffb8f0,ffd86553-dba9-4d70-9f05-77d13f77581a,0,0,question
00a8cef6-29c6-4033-9e7a-f77f6f08f8ce,de80fe47-926a-41be-a574-85760cbf7f09,0,0,question
00a8cef6-29c6-4033-9e7a-f77f6f08f8ce,44691352-d4a9-4d9d-b6c5-cdd69f7af67c,0,0,question
00a8cef6-29c6-4033-9e7a-f77f6f08f8ce,ef1c64d0-7caf-47d2-af94-84e4c39d5735,0,0,question
00a8cef6-29c6-4033-9e7a-f77f6f08f8ce,ed4e2382-8b0f-41b9-b036-7576d5e3b946,0,0,question
00a8cef6-29c6-4033-9e7a-f77f6f08f8ce,cff465fc-83d2-4c35-9ffb-f79a7c3716c5,0,0,question
00a8cef6-29c6-4033-9e7a-f77f6f08f8ce,fe1ea860-7e40-4b18-8ea3-db13b9759a80,0,0,question
00a8cef6-29c6-4033-9e7a-f77f6f08f8ce,43a58f7b-8442-46fb-8684-4ddc5bd3e6fc,0,0,question
00a8cef6-29c6-4033-9e7a-f77f6f08f8ce,89b9a940-98c4-41f1-af6d-8992618fef1e,0,0,question
00a8cef6-29c6-4033-9e7a-f77f6f08f8ce,b54b987a-7048-47a4-a8c2-5020cde70880,0,0,question
00a8cef6-29c6-4033-9e7a-f77f6f08f8ce,f5a76e4c-d7a9-427b-91be-2868c80a4bf5,0,0,question
00a8cef6-29c6-4033-9e7a-f77f6f08f8ce,f3268a6e-833a-48cf-a155-180591791ec0,0,0,question
00a8cef6-29c6-4033-9e7a-f77f6f08f8ce,6b0bf623-0877-4d54-8ce7-a6d1068d9124,0,0,question
00a8cef6-29c6-4033-9e7a-f77f6f08f8ce,f1151cbe-ecef-4750-99df-5bb82e6cbb35,0,0,question
00a8cef6-29c6-4033-9e7a-f77f6f08f8ce,a162521b-0341-4a3a-a3f7-7bceea1fa1a4,0,0,question
00a8cef6-29c6-4033-9e7a-f77f6f08f8ce,e312b926-e143-4b75-8a65-ccf8341a1cb7,0,0,question
00a8cef6-29c6-4033-9e7a-f77f6f08f8ce,0b411db5-f13e-41aa-b3fe-1ee7284f5925,0,0,question
00a8cef6-29c6-4033-9e7a-f77f6f08f8ce,0e80a2c2-3c59-4a85-b346-ac77ab54aea3,0,0,question
00a8cef6-29c6-4033-9e7a-f77f6f08f8ce,3ac6b575-aea8-4520-b803-c9fb95314c0b,0,0,question
00a8cef6-29c6-4033-9e7a-f77f6f08f8ce,3210dc68-65eb-4ad7-8404-c46f00f9eb9c,0,0,question
00a8cef6-29c6-4033-9e7a-f77f6f08f8ce,792e53fe-1f41-49b5-a70d-2bcff2d90ef5,0,0,question
00a8cef6-29c6-4033-9e7a-f77f6f08f8ce,e107758c-ff95-4a33-8502-edb16d1409a8,0,0,question
00a8cef6-29c6-4033-9e7a-f77f6f08f8ce,0f65f339-3e00-453c-b766-20c9d0cbc4d0,0,0,question
00a8cef6-29c6-4033-9e7a-f77f6f08f8ce,53d11a24-2e60-4683-94a9-f801868438fb,0,0,question
00a8cef6-29c6-4033-9e7a-f77f6f08f8ce,9f5e5087-a834-4389-b986-3db6017f79be,0,0,question
00a8cef6-29c6-4033-9e7a-f77f6f08f8ce,07030891-2d31-45a6-9bda-4db690fb6bbe,0,0,question
00a8cef6-29c6-4033-9e7a-f77f6f08f8ce,26775548-c64e-4795-981e-c30189671512,0,0,question
00a8cef6-29c6-4033-9e7a-f77f6f08f8ce,fd8b4df7-2684-4146-905e-8005c2de195c,0,0,question
00a8cef6-29c6-4033-9e7a-f77f6f08f8ce,a120ca05-6d4f-4bba-b564-b1da09977244,0,0,question
00a8cef6-29c6-4033-9e7a-f77f6f08f8ce,f52f7eb5-1c03-41ee-92fb-6526b11a69c9,0,0,question
00a8cef6-29c6-4033-9e7a-f77f6f08f8ce,165ba27d-488d-4c99-bd71-d28bf02d00e7,0,0,question
00a8cef6-29c6-4033-9e7a-f77f6f08f8ce,d425a904-dda2-4e6d-a2ae-76ad2319f789,0,0,question
00a8cef6-29c6-4033-9e7a-f77f6f08f8ce,0e59de8d-5f18-49be-8792-c5f4188ec31b,0,0,question
00a8cef6-29c6-4033-9e7a-f77f6f08f8ce,b4cb0243-9b71-4e3d-82b4-1d638b48a649,0,0,question
00a8cef6-29c6-4033-9e7a-f77f6f08f8ce,4ca90d93-98bc-4bb4-a267-d30947048e85,0,0,question
00a8cef6-29c6-4033-9e7a-f77f6f08f8ce,4b88bf4c-ec59-46f8-a628-a08b9cd53d34,0,0,question
27555232-3f2e-4102-89c2-2d35d4d27007,dbd2ae40-f18e-46bd-ae3e-9206388cd05b,0,0,question
27555232-3f2e-4102-89c2-2d35d4d27007,1d47a79c-8111-4563-bc56-a7dbc2d16d58,0,0,question
27555232-3f2e-4102-89c2-2d35d4d27007,0200581b-3fe4-4cb4-abcc-3375bbcf405e,0,0,question
27555232-3f2e-4102-89c2-2d35d4d27007,3220e64d-551b-46ca-b4cd-b424beb36155,0,0,question
27555232-3f2e-4102-89c2-2d35d4d27007,4b2c6abb-fba3-4a31-96bd-2b74c2a9ba7f,0,0,question
27555232-3f2e-4102-89c2-2d35d4d27007,be947755-88de-4edb-a2c0-71286e5f6763,0,0,question
27555232-3f2e-4102-89c2-2d35d4d27007,4b3bd22e-8fea-4c74-91e7-46d8926a09e0,0,0,question
27555232-3f2e-4102-89c2-2d35d4d27007,d36cac66-2a5c-45a6-a5bf-375318c2ee52,0,0,question
27555232-3f2e-4102-89c2-2d35d4d27007,32a83eb9-c0a1-4804-bbed-ec420a0c079f,0,0,question
27555232-3f2e-4102-89c2-2d35d4d27007,f11dc038-8d1d-42c7-8a79-e48ebc1fe43f,0,0,question
27555232-3f2e-4102-89c2-2d35d4d27007,9970ac86-c32f-489a-a34a-699f370e3cbf,0,0,question
27555232-3f2e-4102-89c2-2d35d4d27007,76baf504-355c-4e08-bc86-23b2fec39371,0,0,question
27555232-3f2e-4102-89c2-2d35d4d27007,5a8b7cc2-8a38-4941-9b51-b743eef643e4,0,0,question
27555232-3f2e-4102-89c2-2d35d4d27007,dca7ccdf-6420-489f-bf21-9fd6f1e52383,0,0,question
27555232-3f2e-4102-89c2-2d35d4d27007,c4bf998c-1bef-4aa5-9fd2-a7dfced6101d,0,0,question
27555232-3f2e-4102-89c2-2d35d4d27007,d849956f-5e0f-4f59-837b-957776b53bd2,0,0,question
27555232-3f2e-4102-89c2-2d35d4d27007,bae4690d-1c7a-41e2-8514-6735d6fe4933,0,0,question
27555232-3f2e-4102-89c2-2d35d4d27007,4eb26762-e235-4318-a9f8-3b907acc6962,0,0,question
27555232-3f2e-4102-89c2-2d35d4d27007,aa4639e8-d91a-4df7-a2a3-f8b504e7c3c9,0,0,question
27555232-3f2e-4102-89c2-2d35d4d27007,baade405-7907-4eee-b1f6-af979415e2c2,0,0,question
27555232-3f2e-4102-89c2-2d35d4d27007,06ec7764-c062-42f6-af10-6ecdef3b4ce2,0,0,question
27555232-3f2e-4102-89c2-2d35d4d27007,e592306b-2de2-4f14-ab53-e00006629a52,0,0,question
27555232-3f2e-4102-89c2-2d35d4d27007,903dc6d6-3c13-4432-b7fc-d3ffe3a2c545,0,0,question
27555232-3f2e-4102-89c2-2d35d4d27007,cc182964-f52e-44a9-9a2b-2875e9c018ef,0,0,question
27555232-3f2e-4102-89c2-2d35d4d27007,4f7f6e44-99d5-456e-b2fe-cebb26391111,0,0,question
27555232-3f2e-4102-89c2-2d35d4d27007,feadadf1-4b64-4790-9ce6-47a08eb1c820,0,0,question
27555232-3f2e-4102-89c2-2d35d4d27007,1168cc44-80a3-486a-84f0-a0711026b75d,0,0,question
27555232-3f2e-4102-89c2-2d35d4d27007,a926ad56-c488-41be-a1ea-3bb785df0d8f,0,0,question
27555232-3f2e-4102-89c2-2d35d4d27007,b4e08025-affb-48ff-b5e3-376e24ad2855,0,0,question
27555232-3f2e-4102-89c2-2d35d4d27007,557bb15f-6b24-4b93-8ad4-e8d70dad3b2f,0,0,question
27555232-3f2e-4102-89c2-2d35d4d27007,9c2fc91b-48e1-4914-b56c-484d7d12aaa8,0,0,question
27555232-3f2e-4102-89c2-2d35d4d27007,97e8a21a-42a1-402c-976e-8c227c693f0d,0,0,question
27555232-3f2e-4102-89c2-2d35d4d27007,9199928c-f3cd-4d61-996f-4e29d8740cd7,0,0,question
27555232-3f2e-4102-89c2-2d35d4d27007,f1469411-6c50-4961-a1cc-aab061f21b91,0,0,question
27555232-3f2e-4102-89c2-2d35d4d27007,d6502410-e039-4e06-976b-c3c0822e17b6,0,0,question
27555232-3f2e-4102-89c2-2d35d4d27007,c3c2fe06-658b-4a5d-b02d-e17d3fb146cf,0,0,question
27555232-3f2e-4102-89c2-2d35d4d27007,eb041c9a-da2b-4829-be11-b86fd7a1112b,0,0,question
27555232-3f2e-4102-89c2-2d35d4d27007,d3d32669-9ffb-469f-960c-f27c0e79fda7,0,0,question
27555232-3f2e-4102-89c2-2d35d4d27007,1fcc6a43-e6b7-4640-9f0c-3c5b32ced6c9,0,0,question
27555232-3f2e-4102-89c2-2d35d4d27007,38856fb0-c0f2-4ea7-8fd3-6bbdb2327992,0,0,question
b2d3e7d3-e10f-48cd-9fbd-7527bd2f697b,3d0549d0-2232-4a1b-95f1-3c61eb420460,0,0,question
b2d3e7d3-e10f-48cd-9fbd-7527bd2f697b,e52961a7-0217-4061-927a-37e7d7ab1379,0,0,question
b2d3e7d3-e10f-48cd-9fbd-7527bd2f697b,40686038-9668-47c0-aee1-c9f415b2aab5,0,0,question
b2d3e7d3-e10f-48cd-9fbd-7527bd2f697b,c62b440b-8bea-457d-9a7e-3f228a75bbbd,0,0,question
b2d3e7d3-e10f-48cd-9fbd-7527bd2f697b,00ed8959-e1ca-47ae-a33e-d47064ed7073,0,0,question
b2d3e7d3-e10f-48cd-9fbd-7527bd2f697b,ca0366d4-ad98-4e17-995d-7fccc66eee0b,0,0,question
b2d3e7d3-e10f-48cd-9fbd-7527bd2f697b,d95764e6-9d28-45f1-a879-d256e354ed93,0,0,question
b2d3e7d3-e10f-48cd-9fbd-7527bd2f697b,cfff6e37-6f5c-4a22-a6e5-e937566ffcf8,0,0,question
b2d3e7d3-e10f-48cd-9fbd-7527bd2f697b,7f914ec8-9ba2-4309-90b4-e81ad4dec4e8,0,0,question
b2d3e7d3-e10f-48cd-9fbd-7527bd2f697b,11c1c900-bbc9-4b07-9a60-9e41e532972a,0,0,question
b2d3e7d3-e10f-48cd-9fbd-7527bd2f697b,09131037-bd49-4047-ab8c-7b46f6405a5c,0,0,question
b2d3e7d3-e10f-48cd-9fbd-7527bd2f697b,df65cd7e-c90b-4bd5-9bf0-389e54e650e3,0,0,question
b2d3e7d3-e10f-48cd-9fbd-7527bd2f697b,576c126f-f263-48fb-b07f-762576232aa6,0,0,question
b2d3e7d3-e10f-48cd-9fbd-7527bd2f697b,ffdb29dd-be8e-4396-9776-f9b8c135e5bb,0,0,question
b2d3e7d3-e10f-48cd-9fbd-7527bd2f697b,58e9b043-797f-43d6-9b42-8ba3add6de70,0,0,question
b2d3e7d3-e10f-48cd-9fbd-7527bd2f697b,b13678a7-54df-482f-b679-c4f6b061eceb,0,0,question
b2d3e7d3-e10f-48cd-9fbd-7527bd2f697b,e9a0ad56-e75b-4939-bb0b-a8c10412e87e,0,0,question
b2d3e7d3-e10f-48cd-9fbd-7527bd2f697b,3ee498b2-2111-4000-90b7-e5e3f3fec10a,0,0,question
b2d3e7d3-e10f-48cd-9fbd-7527bd2f697b,302a6842-b6e3-4d20-9ad4-7f7213b061aa,0,0,question
b2d3e7d3-e10f-48cd-9fbd-7527bd2f697b,bd98a7a3-fb2c-49bd-a0b8-d0716cb3d0b2,0,0,question
b2d3e7d3-e10f-48cd-9fbd-7527bd2f697b,0c10e37a-84b8-4679-b5d6-ef27b708c7cd,0,0,question
b2d3e7d3-e10f-48cd-9fbd-7527bd2f697b,4f216cc9-e3b9-43a1-96c3-59d050f88787,0,0,question
b2d3e7d3-e10f-48cd-9fbd-7527bd2f697b,7bbe6510-61a8-43bf-be6e-395149d7924c,0,0,question
b2d3e7d3-e10f-48cd-9fbd-7527bd2f697b,3b90c0c0-06fb-4029-9004-b9a8f5c801c3,0,0,question
b2d3e7d3-e10f-48cd-9fbd-7527bd2f697b,22bd273b-cb68-43e6-a9c3-d31e7d646db5,0,0,question
b2d3e7d3-e10f-48cd-9fbd-7527bd2f697b,e30b14ac-3df0-4cb4-a27a-56dda7c0e880,0,0,question
b2d3e7d3-e10f-48cd-9fbd-7527bd2f697b,b2fd3021-0909-49db-809d-a4df90de20b8,0,0,question
b2d3e7d3-e10f-48cd-9fbd-7527bd2f697b,505c8c6d-b3af-4768-9bfb-81f4e071ff8d,0,0,question
b2d3e7d3-e10f-48cd-9fbd-7527bd2f697b,64c85315-1b4b-42d7-8ec6-cde5393b5527,0,0,question
b2d3e7d3-e10f-48cd-9fbd-7527bd2f697b,b37ce7e2-ac66-45af-b37d-58f9cc895153,0,0,question
b2d3e7d3-e10f-48cd-9fbd-7527bd2f697b,8e5f837d-e414-4fb7-96b7-7d78b128d913,0,0,question
b2d3e7d3-e10f-48cd-9fbd-7527bd2f697b,97aa00dd-aeae-409a-be70-32112da39264,0,0,question
b2d3e7d3-e10f-48cd-9fbd-7527bd2f697b,d4a87c07-f3e1-43b4-b8fa-bf19e0a755dc,0,0,question
b2d3e7d3-e10f-48cd-9fbd-7527bd2f697b,13484230-25f1-47d4-8b1a-adbf68238ce4,0,0,question
b2d3e7d3-e10f-48cd-9fbd-7527bd2f697b,0c1e2130-d730-40bf-a270-42dad439531c,0,0,question
b2d3e7d3-e10f-48cd-9fbd-7527bd2f697b,38e140e3-2dbc-4e2f-9aa9-a2dde265eff1,0,0,question
b2d3e7d3-e10f-48cd-9fbd-7527bd2f697b,3dfeab9c-81c4-418c-ad98-15b8a7d752fd,0,0,question
b2d3e7d3-e10f-48cd-9fbd-7527bd2f697b,b33164a4-f67d-486c-b2c6-4d15e2e5d594,0,0,question
b2d3e7d3-e10f-48cd-9fbd-7527bd2f697b,0d725c1e-ab27-470b-a3ef-2f9de200f177,0,0,question
b2d3e7d3-e10f-48cd-9fbd-7527bd2f697b,3d78ed29-a23e-4bbf-a9de-956c4f27a149,0,0,question
b2d3e7d3-e10f-48cd-9fbd-7527bd2f697b,c1e199f3-2b8c-48c0-b4cb-338f2f16ee78,0,0,question
b2d3e7d3-e10f-48cd-9fbd-7527bd2f697b,5371c832-14d9-455f-9961-fea7f968cb16,0,0,question
b2d3e7d3-e10f-48cd-9fbd-7527bd2f697b,4b365913-87b1-47dc-b7e6-a1b5121d6cee,0,0,question
b2d3e7d3-e10f-48cd-9fbd-7527bd2f697b,3ca168a3-4119-4aef-8f67-0a420a581058,0,0,question
b2d3e7d3-e10f-48cd-9fbd-7527bd2f697b,e2fd833d-a133-4d73-bd8f-8513ba7c7f34,0,0,question
b2d3e7d3-e10f-48cd-9fbd-7527bd2f697b,2cbe4ef8-d5a3-4d7c-9adc-a9dcf870282e,0,0,question
b2d3e7d3-e10f-48cd-9fbd-7527bd2f697b,3db0e541-4302-4677-859d-b6719b9ae9f7,0,0,question
b2d3e7d3-e10f-48cd-9fbd-7527bd2f697b,be51b4e4-6ecf-42e6-b462-5cf0a2699bc5,0,0,question
b2d3e7d3-e10f-48cd-9fbd-7527bd2f697b,36cff15f-58b9-47ef-a98c-ceeabf82ff0e,0,0,question
b2d3e7d3-e10f-48cd-9fbd-7527bd2f697b,011ed909-f2ff-4767-b1d3-8bd8f96c53aa,0,0,question
b2d3e7d3-e10f-48cd-9fbd-7527bd2f697b,e50fa289-19c7-44e8-8192-520314efbaee,0,0,question
b2d3e7d3-e10f-48cd-9fbd-7527bd2f697b,7b505eb0-0ecd-4871-a680-eaf36a2cb7e2,0,0,question
b2d3e7d3-e10f-48cd-9fbd-7527bd2f697b,5265e704-9ee3-4903-9f55-116d55fbfd4d,0,0,question
b2d3e7d3-e10f-48cd-9fbd-7527bd2f697b,aa7d351d-fc71-4df7-9fa1-a7e8a840a3c0,0,0,question
b2d3e7d3-e10f-48cd-9fbd-7527bd2f697b,2a9fd8d3-c3e3-4d99-90a8-b9dc0ab33bb1,0,0,question
b2d3e7d3-e10f-48cd-9fbd-7527bd2f697b,a8c29149-983a-469f-9944-9779a9eb9738,0,0,question
b2d3e7d3-e10f-48cd-9fbd-7527bd2f697b,6d30bfab-d93e-4943-9296-783911cfcb08,0,0,question
b2d3e7d3-e10f-48cd-9fbd-7527bd2f697b,68159b10-2aa7-4fb9-acff-b5ae7feaf2b7,0,0,question
b2d3e7d3-e10f-48cd-9fbd-7527bd2f697b,0d7d5dc8-521c-46a5-9395-fec18077855a,0,0,question
b2d3e7d3-e10f-48cd-9fbd-7527bd2f697b,a9a4e04f-57f6-4b6f-80a7-95c78ddc0fe3,0,0,question
b2d3e7d3-e10f-48cd-9fbd-7527bd2f697b,58b79dad-9248-4874-8785-2d96033d0919,0,0,question
b2d3e7d3-e10f-48cd-9fbd-7527bd2f697b,08e75959-440e-4e3c-9a59-cbef5abdb16b,0,0,question
b2d3e7d3-e10f-48cd-9fbd-7527bd2f697b,05433711-29fc-4930-8ed7-a16e7a0cf737,0,0,question
b2d3e7d3-e10f-48cd-9fbd-7527bd2f697b,c5743173-5a0e-4640-9ebc-e0cd07ae19d7,0,0,question
b2d3e7d3-e10f-48cd-9fbd-7527bd2f697b,bebac52d-65d6-4740-857d-ca45f18adab0,0,0,question
b2d3e7d3-e10f-48cd-9fbd-7527bd2f697b,2eb190b3-44f8-4e46-a7ba-628dacb39123,0,0,question
b2d3e7d3-e10f-48cd-9fbd-7527bd2f697b,7d32f092-9fe2-4d88-ba91-fa8f59b780a6,0,0,question
b2d3e7d3-e10f-48cd-9fbd-7527bd2f697b,41a0bdf4-bdd6-4fc9-bf3a-5020dc2d69de,0,0,question
b2d3e7d3-e10f-48cd-9fbd-7527bd2f697b,3007bca0-9940-4f72-a3dd-1ea735d88337,0,0,question
b2d3e7d3-e10f-48cd-9fbd-7527bd2f697b,752c03ad-a167-431e-8cc8-c69aed143a66,0,0,question
b2d3e7d3-e10f-48cd-9fbd-7527bd2f697b,af228ec0-65c7-459b-96cc-0fafe05361ed,0,0,question
b2d3e7d3-e10f-48cd-9fbd-7527bd2f697b,a5b08ae2-e9f2-4dec-b479-f2696b92d8bc,0,0,question
b2d3e7d3-e10f-48cd-9fbd-7527bd2f697b,77773e9a-33ed-45fd-8849-6a5a154512fb,0,0,question
b2d3e7d3-e10f-48cd-9fbd-7527bd2f697b,3d8f8816-8a4b-45bf-ad4e-4791863deb69,0,0,question
b2d3e7d3-e10f-48cd-9fbd-7527bd2f697b,8e81cd4c-cd26-43c2-a3af-c815a5a63ea6,0,0,question
b2d3e7d3-e10f-48cd-9fbd-7527bd2f697b,0624ab93-6e94-4f05-acb5-ead5029d5e95,0,0,question
b2d3e7d3-e10f-48cd-9fbd-7527bd2f697b,0236d2f2-4578-47ea-bfcb-ab624456af66,0,0,question
b2d3e7d3-e10f-48cd-9fbd-7527bd2f697b,6c0a1bc1-c0ca-4e87-ac7d-8d1184352a11,0,0,question
b2d3e7d3-e10f-48cd-9fbd-7527bd2f697b,9e687e36-8762-4a18-ad93-e35e7223be94,0,0,question
b2d3e7d3-e10f-48cd-9fbd-7527bd2f697b,54c80f46-3f3a-4b07-b4cd-a6a34bebf85d,0,0,question
b2d3e7d3-e10f-48cd-9fbd-7527bd2f697b,23842cd7-9f16-4f5f-963f-76b5f9f2346e,0,0,question
b2d3e7d3-e10f-48cd-9fbd-7527bd2f697b,42c9a9aa-ba52-483a-b2c5-bd131f32f8a2,0,0,question
b2d3e7d3-e10f-48cd-9fbd-7527bd2f697b,3492056f-1c05-48da-bf59-220641687c7c,0,0,question
b2d3e7d3-e10f-48cd-9fbd-7527bd2f697b,4eec84a2-a5c0-4832-89a5-2506a54a6fc7,0,0,question
b2d3e7d3-e10f-48cd-9fbd-7527bd2f697b,debabdef-de97-441e-8b18-58420819d9ec,0,0,question
b2d3e7d3-e10f-48cd-9fbd-7527bd2f697b,7d8f2b3d-c3f9-486f-b609-8c093a8e772b,0,0,question
b2d3e7d3-e10f-48cd-9fbd-7527bd2f697b,21030987-a4d9-436a-b092-a447d21248ad,0,0,question
b2d3e7d3-e10f-48cd-9fbd-7527bd2f697b,908b4cec-e3cf-4ac9-8caf-8c56aeab448b,0,0,question
b2d3e7d3-e10f-48cd-9fbd-7527bd2f697b,750b5096-0607-4626-ad6f-3ad45c53cce8,0,0,question
b2d3e7d3-e10f-48cd-9fbd-7527bd2f697b,2fc56281-33b8-4186-83ef-8496ec20a5bc,0,0,question
b2d3e7d3-e10f-48cd-9fbd-7527bd2f697b,0906ad1a-b2f1-41ac-8f34-a2f26d7987c3,0,0,question
b2d3e7d3-e10f-48cd-9fbd-7527bd2f697b,b0b84205-44a3-420e-91a8-28d4ca16c9a3,0,0,question
b2d3e7d3-e10f-48cd-9fbd-7527bd2f697b,6b34bf9a-4fd3-4af6-adf1-bcd686bca375,0,0,question
b2d3e7d3-e10f-48cd-9fbd-7527bd2f697b,e1fc1086-556a-4054-8e8e-5349be2ba8c4,0,0,question
b2d3e7d3-e10f-48cd-9fbd-7527bd2f697b,c0f53e01-f83d-413b-b928-a7ef22d9f5c0,0,0,question
b2d3e7d3-e10f-48cd-9fbd-7527bd2f697b,5d5c6806-05ec-4ac3-b0ae-29b127882db4,0,0,question
b2d3e7d3-e10f-48cd-9fbd-7527bd2f697b,a7feefc7-255a-4700-b890-a1fd076a8634,0,0,question
27555232-3f2e-4102-89c2-2d35d4d27007,236816fa-1e82-4af9-9c4b-f6be4904d3d0,0,0,question
27555232-3f2e-4102-89c2-2d35d4d27007,b64f13bc-c08b-4b95-bd66-91e343565936,0,0,question
27555232-3f2e-4102-89c2-2d35d4d27007,0d001080-694a-428f-b3d7-c24a4237f85f,0,0,question
27555232-3f2e-4102-89c2-2d35d4d27007,f0200a95-296a-4f5b-b011-7e9a5c9b7135,0,0,question
27555232-3f2e-4102-89c2-2d35d4d27007,489bd0ff-c9cf-4c69-9c43-f9674e4020ab,0,0,question
27555232-3f2e-4102-89c2-2d35d4d27007,96100eb1-b5d0-4317-bf38-ca75036086ea,0,0,question
27555232-3f2e-4102-89c2-2d35d4d27007,cfb27fb8-989e-431f-a2eb-fdc44d59b20b,0,0,question
27555232-3f2e-4102-89c2-2d35d4d27007,f3062eb8-6364-4d1d-bc25-9a485ac8662f,0,0,question
27555232-3f2e-4102-89c2-2d35d4d27007,29df18fa-f1f2-475c-9291-0fc1877c6695,0,0,question
27555232-3f2e-4102-89c2-2d35d4d27007,65cfe142-9021-4a0c-a927-241eb7db4516,0,0,question
27555232-3f2e-4102-89c2-2d35d4d27007,c9e14eb0-c532-49a5-a70c-ef3208edb844,0,0,question
27555232-3f2e-4102-89c2-2d35d4d27007,e198cc02-4227-45f6-b26a-772d3a052dd2,0,0,question
27555232-3f2e-4102-89c2-2d35d4d27007,75fe4fa2-0f5b-43ea-8ea8-8a534c6c99be,0,0,question
27555232-3f2e-4102-89c2-2d35d4d27007,f0b53e70-f699-475f-ad93-5a5e0cd2dd84,0,0,question
27555232-3f2e-4102-89c2-2d35d4d27007,010665dc-44f7-43a3-a2a0-8e6ed1f0149d,0,0,question
27555232-3f2e-4102-89c2-2d35d4d27007,4ed63de6-86ad-4ade-a132-fbac007c7bd8,0,0,question
27555232-3f2e-4102-89c2-2d35d4d27007,021b8ab2-e02f-47fb-871b-570eb3490bb2,0,0,question
27555232-3f2e-4102-89c2-2d35d4d27007,1f45128c-a164-4c9b-ac21-35d4fab7e4e4,0,0,question
27555232-3f2e-4102-89c2-2d35d4d27007,d0e00d45-2469-4cb9-ae46-734fbb56e2ed,0,0,question
27555232-3f2e-4102-89c2-2d35d4d27007,327a5256-5be4-4de3-a50f-1a123e7b3a53,0,0,question
27555232-3f2e-4102-89c2-2d35d4d27007,fea83b77-3d8d-4ea0-bfe8-15bb7d92486b,0,0,question
27555232-3f2e-4102-89c2-2d35d4d27007,2931db44-4aba-45e8-8e7f-7e1798034c52,0,0,question
27555232-3f2e-4102-89c2-2d35d4d27007,9d08815f-3d18-4f82-b0ce-982fef09798e,0,0,question
27555232-3f2e-4102-89c2-2d35d4d27007,a6f67de7-b9d1-4bd7-a06c-0089a383491b,0,0,question
27555232-3f2e-4102-89c2-2d35d4d27007,a59d43c7-c31c-4a08-8e9f-2582e123c0a9,0,0,question
27555232-3f2e-4102-89c2-2d35d4d27007,54e01324-e9b0-4faf-9a47-9f3cbe1cbe0f,0,0,question
27555232-3f2e-4102-89c2-2d35d4d27007,2f884d0a-a3d2-4086-8378-77a26dc9b62c,0,0,question
27555232-3f2e-4102-89c2-2d35d4d27007,a28cb0f8-d0ab-493b-974d-1a20e195ab0c,0,0,question
27555232-3f2e-4102-89c2-2d35d4d27007,a586c7f6-7aa9-4150-9388-935f44646040,0,0,question
27555232-3f2e-4102-89c2-2d35d4d27007,d464d554-44d5-4ac1-ba74-372a4fa23417,0,0,question
27555232-3f2e-4102-89c2-2d35d4d27007,04af9829-71b0-4e95-8441-1c88cebb2674,0,0,question
27555232-3f2e-4102-89c2-2d35d4d27007,dd356071-8cf6-4926-a9b4-b0131ebaa679,0,0,question
27555232-3f2e-4102-89c2-2d35d4d27007,6f05a590-7fc4-4d24-9e6f-9faeab508980,0,0,question
27555232-3f2e-4102-89c2-2d35d4d27007,a8eaa2ce-13ae-48e7-89ed-325619aac6bc,0,0,question
27555232-3f2e-4102-89c2-2d35d4d27007,e962c60a-34be-467a-b5ac-40b8c1cdc56b,0,0,question
27555232-3f2e-4102-89c2-2d35d4d27007,fcc5a159-4de2-4883-88c3-6fd574fd18d2,0,0,question
27555232-3f2e-4102-89c2-2d35d4d27007,6cf77c03-4513-48dc-8c3e-1c8cb2740505,0,0,question
27555232-3f2e-4102-89c2-2d35d4d27007,c3506511-e5d5-43f0-b89b-f7ef059dcd38,0,0,question
27555232-3f2e-4102-89c2-2d35d4d27007,7040e9bb-e622-409f-b590-f123fcde8a32,0,0,question
27555232-3f2e-4102-89c2-2d35d4d27007,bca2c6b6-7009-486f-ad77-4dc8bba2ea7a,0,0,question
27555232-3f2e-4102-89c2-2d35d4d27007,4ee8286e-bf52-40ca-93e0-8494e7305f22,0,0,question
27555232-3f2e-4102-89c2-2d35d4d27007,ee57ee26-1fe9-415c-9767-fccaddb4c18d,0,0,question
27555232-3f2e-4102-89c2-2d35d4d27007,61d88680-c3c5-4abf-b90f-92a37f23da60,0,0,question
27555232-3f2e-4102-89c2-2d35d4d27007,d75859fe-36e0-4139-b2b7-7d6bcc5915bc,0,0,question
27555232-3f2e-4102-89c2-2d35d4d27007,1bdb921e-5939-4433-97ab-9b6c24f8aa85,0,0,question
27555232-3f2e-4102-89c2-2d35d4d27007,577aebc6-6ada-40d6-8dd0-832fcdc6560c,0,0,question
27555232-3f2e-4102-89c2-2d35d4d27007,13e7aa1a-1e3a-4b55-a738-f52db8fd5408,0,0,question
27555232-3f2e-4102-89c2-2d35d4d27007,e07ec224-89ce-4b6e-9fd0-c431d14ef0c2,0,0,question
27555232-3f2e-4102-89c2-2d35d4d27007,d16f25c3-69ae-464d-a6e5-aa25d1dade01,0,0,question
27555232-3f2e-4102-89c2-2d35d4d27007,96f658f8-55cf-4bb9-a4ac-e171de042b02,0,0,question
27555232-3f2e-4102-89c2-2d35d4d27007,b8242744-6333-442d-bb19-aa1e016d6f5f,0,0,question
27555232-3f2e-4102-89c2-2d35d4d27007,f2929b5e-e79e-419f-a0df-6956f1c18e73,0,0,question
27555232-3f2e-4102-89c2-2d35d4d27007,ab256232-eff5-4a4a-a5ba-c75b258f9e23,0,0,question
27555232-3f2e-4102-89c2-2d35d4d27007,9db8f8d7-b04d-4227-b74d-6ee5691a33bd,0,0,question
27555232-3f2e-4102-89c2-2d35d4d27007,840c8b1e-37f8-4e57-ad55-5ad7656ddf04,0,0,question
27555232-3f2e-4102-89c2-2d35d4d27007,eb771450-33da-41ce-8788-b93c4d15952c,0,0,question
27555232-3f2e-4102-89c2-2d35d4d27007,0d474012-7c50-477c-b95b-2002c1c48851,0,0,question
27555232-3f2e-4102-89c2-2d35d4d27007,d6d84236-8def-410c-9074-8cc7969657fa,0,0,question
27555232-3f2e-4102-89c2-2d35d4d27007,db033707-a37a-458c-9f45-e877722f6da9,0,0,question
27555232-3f2e-4102-89c2-2d35d4d27007,aef20ebd-f11f-44e6-9c12-cee5752e2626,0,0,question
27555232-3f2e-4102-89c2-2d35d4d27007,3838e7f3-dad2-451b-9a26-ef6dd6c2b862,0,0,question
27555232-3f2e-4102-89c2-2d35d4d27007,f7849c39-8c10-4ff1-a813-d239d01dabf3,0,0,question
27555232-3f2e-4102-89c2-2d35d4d27007,6246cd48-fbbe-41fc-bd7e-bc8f6c471eac,0,0,question
27555232-3f2e-4102-89c2-2d35d4d27007,ae01e606-9eb2-43d1-b3eb-76d6f5511acf,0,0,question
27555232-3f2e-4102-89c2-2d35d4d27007,3fe08a1f-e763-4485-81fa-831e85693c54,0,0,question
27555232-3f2e-4102-89c2-2d35d4d27007,4990d7aa-b994-47da-897e-a30387ff4a35,0,0,question
27555232-3f2e-4102-89c2-2d35d4d27007,d49d31a3-0705-444b-a5d6-0c8b0c54238d,0,0,question
27555232-3f2e-4102-89c2-2d35d4d27007,b0142d33-6aa0-4c1e-b80a-41360f94bbf1,0,0,question
27555232-3f2e-4102-89c2-2d35d4d27007,f5e69a17-9b9a-49b4-9a67-67f2cb66e4bc,0,0,question
27555232-3f2e-4102-89c2-2d35d4d27007,7d5fc8c8-a2f1-4352-a06a-ccbcd37a0027,0,0,question
27555232-3f2e-4102-89c2-2d35d4d27007,f1a8d273-d5b5-4048-a9ab-0af6d3d0dff7,0,0,question
27555232-3f2e-4102-89c2-2d35d4d27007,775ed35f-bce8-4663-b73b-2142ff29913b,0,0,question
27555232-3f2e-4102-89c2-2d35d4d27007,f710ed6f-9c8c-4612-9ac8-df115228a02e,0,0,question
27555232-3f2e-4102-89c2-2d35d4d27007,2ae78f25-96d7-46c3-be1e-673726018f17,0,0,question
27555232-3f2e-4102-89c2-2d35d4d27007,1d376fdd-1d56-4c71-9d1f-2347bfd47bc4,0,0,question
27555232-3f2e-4102-89c2-2d35d4d27007,5dd48fa2-98ec-4207-9005-057ab66dbc0f,0,0,question
27555232-3f2e-4102-89c2-2d35d4d27007,73428469-e8a4-453c-bb38-1c5897babe89,0,0,question
27555232-3f2e-4102-89c2-2d35d4d27007,78aa1414-e616-4a4d-a2f3-e8d59be944e0,0,0,question
27555232-3f2e-4102-89c2-2d35d4d27007,8e768617-883f-4aa5-9116-0cf049f11acf,0,0,question
27555232-3f2e-4102-89c2-2d35d4d27007,84eddb79-a218-40d3-a096-11a747df96ed,0,0,question
27555232-3f2e-4102-89c2-2d35d4d27007,b5007223-68b6-4e75-b8ca-d0755781d64f,0,0,question
27555232-3f2e-4102-89c2-2d35d4d27007,122d1a06-ffe5-4554-a613-50ae4db4d753,0,0,question
27555232-3f2e-4102-89c2-2d35d4d27007,79682afe-0884-4b27-aa65-53b770995912,0,0,question
27555232-3f2e-4102-89c2-2d35d4d27007,495fd59f-9956-4f91-a7bd-83b1da5e928e,0,0,question
27555232-3f2e-4102-89c2-2d35d4d27007,4983d118-989c-400b-b48c-363b000118dd,0,0,question
27555232-3f2e-4102-89c2-2d35d4d27007,e8157868-0a9d-4b15-8606-790985c1404e,0,0,question
27555232-3f2e-4102-89c2-2d35d4d27007,a402f7da-dcd1-4626-8043-cb5d5b86ee7c,0,0,question
27555232-3f2e-4102-89c2-2d35d4d27007,04473274-2313-48a5-9715-5fb8d4e62f43,0,0,question
27555232-3f2e-4102-89c2-2d35d4d27007,04014ae0-55e7-4ae3-bcc6-8b8b9b90e1e8,0,0,question
27555232-3f2e-4102-89c2-2d35d4d27007,e1561708-966c-4b6a-9185-4f1ebea49eca,0,0,question
27555232-3f2e-4102-89c2-2d35d4d27007,3870c5a6-d354-4c5d-a1c3-407f651d3153,0,0,question
27555232-3f2e-4102-89c2-2d35d4d27007,bc86004d-d81e-4de6-8745-a2cbff01ea77,0,0,question
27555232-3f2e-4102-89c2-2d35d4d27007,61bca217-7e93-4310-9490-2137d2ed9311,0,0,question
27555232-3f2e-4102-89c2-2d35d4d27007,1c02d4a3-e314-49c1-8c91-14880d934d72,0,0,question
27555232-3f2e-4102-89c2-2d35d4d27007,e4f4ebb3-259e-421f-be12-8d0276495d5d,0,0,question
27555232-3f2e-4102-89c2-2d35d4d27007,4b11c69c-a2b9-480a-98e6-f94de8b5c5f4,0,0,question
27555232-3f2e-4102-89c2-2d35d4d27007,fd0e93f9-c237-4719-ab4c-bba0a48f758d,0,0,question
27555232-3f2e-4102-89c2-2d35d4d27007,4407b99d-68ef-4ef3-b4b1-c3bb73e936c4,0,0,question
27555232-3f2e-4102-89c2-2d35d4d27007,0e138769-9ef2-451d-8358-2a79373cd7aa,0,0,question
27555232-3f2e-4102-89c2-2d35d4d27007,74670747-9472-40d9-8e46-1bb5d88da750,0,0,question
27555232-3f2e-4102-89c2-2d35d4d27007,f0b7bc7c-9424-455f-b5ae-fe1a74be841a,0,0,question
27555232-3f2e-4102-89c2-2d35d4d27007,cc722518-0978-4037-ad3a-0c293cb4c588,0,0,question
27555232-3f2e-4102-89c2-2d35d4d27007,e3e8dd50-16fe-4efc-94f0-7c6daf8f093c,0,0,question
27555232-3f2e-4102-89c2-2d35d4d27007,43fcb1e6-ec83-4907-98e7-67f73045725c,0,0,question
27555232-3f2e-4102-89c2-2d35d4d27007,f0f5d386-3535-4deb-8298-db5b66dc0fe4,0,0,question
27555232-3f2e-4102-89c2-2d35d4d27007,9676d152-7319-436e-b1bf-e98af8e5928c,0,0,question
27555232-3f2e-4102-89c2-2d35d4d27007,d676f032-6768-4de0-b0b0-1057356401fb,0,0,question
27555232-3f2e-4102-89c2-2d35d4d27007,a42b0489-2e23-48a1-810f-05d975fa161f,0,0,question
27555232-3f2e-4102-89c2-2d35d4d27007,38d17516-3170-4935-858e-10f9d9d40d67,0,0,question
27555232-3f2e-4102-89c2-2d35d4d27007,7cab23e3-8bbb-4ad7-848e-5cb24e934991,0,0,question
27555232-3f2e-4102-89c2-2d35d4d27007,fd047972-da72-490b-b958-6857c3075f41,0,0,question
27555232-3f2e-4102-89c2-2d35d4d27007,c00cd5a4-f9cc-47f0-9c79-5b9b93bc5d59,0,0,question
27555232-3f2e-4102-89c2-2d35d4d27007,b5eb1d69-d006-4219-b863-3e86be699d57,0,0,question
27555232-3f2e-4102-89c2-2d35d4d27007,e6498975-88b9-4e8d-ad01-44629c8c92b1,0,0,question
27555232-3f2e-4102-89c2-2d35d4d27007,480b8a40-974c-44b0-95e7-486316ab68ef,0,0,question
27555232-3f2e-4102-89c2-2d35d4d27007,572194da-f791-4346-83e7-f1620f72a6c7,0,0,question
27555232-3f2e-4102-89c2-2d35d4d27007,035093d0-4adb-40fe-8d5c-52587d09464b,0,0,question
27555232-3f2e-4102-89c2-2d35d4d27007,9803d566-b93d-425b-9dc6-02934709ea7b,0,0,question
27555232-3f2e-4102-89c2-2d35d4d27007,d7d70da3-9733-44fa-ad91-4342376b9c0c,0,0,question
27555232-3f2e-4102-89c2-2d35d4d27007,240c09f1-a83d-4efe-972e-e7303449bf63,0,0,question
27555232-3f2e-4102-89c2-2d35d4d27007,34b7d6ff-adcc-4e3d-8a21-80e093b95b5a,0,0,question
27555232-3f2e-4102-89c2-2d35d4d27007,a09bf4d6-84c0-4f87-98c0-6d6e95c96d79,0,0,question
27555232-3f2e-4102-89c2-2d35d4d27007,5aaed96e-3542-4f97-ad58-892938c3113d,0,0,question
27555232-3f2e-4102-89c2-2d35d4d27007,a997641e-e1f7-4391-b317-b84a9b80a27d,0,0,question
27555232-3f2e-4102-89c2-2d35d4d27007,68b71fd1-3cac-4745-9e95-0f910e62f447,0,0,question
27555232-3f2e-4102-89c2-2d35d4d27007,6b665d0a-544e-41ef-8634-b99e546af71d,0,0,question
27555232-3f2e-4102-89c2-2d35d4d27007,e5620261-10da-42af-b67e-01a2d16affff,0,0,question
27555232-3f2e-4102-89c2-2d35d4d27007,b6fb79f2-d440-4ffc-b523-0c30f319e346,0,0,question
27555232-3f2e-4102-89c2-2d35d4d27007,92a737fb-604d-49e8-a006-0743becbf88d,0,0,question
27555232-3f2e-4102-89c2-2d35d4d27007,7d9f9d75-d29a-427e-b61c-57138d525521,0,0,question
27555232-3f2e-4102-89c2-2d35d4d27007,59a54a94-31e6-4b2f-b052-55593d41b573,0,0,question
27555232-3f2e-4102-89c2-2d35d4d27007,bed9fe1c-4feb-4bef-92d8-935d7523609d,0,0,question
27555232-3f2e-4102-89c2-2d35d4d27007,1a0e4815-6114-48cf-94d8-cdfd43e144bb,0,0,question
27555232-3f2e-4102-89c2-2d35d4d27007,fced121a-45bf-44d1-87ef-ecdf4cc43a7b,0,0,question
27555232-3f2e-4102-89c2-2d35d4d27007,6cfc45ce-3bc8-4d10-9980-673ebd85e289,0,0,question
27555232-3f2e-4102-89c2-2d35d4d27007,621d421e-2a10-4c1a-b405-6f82f2210fd1,0,0,question
27555232-3f2e-4102-89c2-2d35d4d27007,043cac0d-4de6-4dde-92e3-89a0ee5a1a21,0,0,question
27555232-3f2e-4102-89c2-2d35d4d27007,8fe99e12-abf7-4d4d-bb1e-04acfe373f38,0,0,question
27555232-3f2e-4102-89c2-2d35d4d27007,6a53dd48-0ce9-419e-9b64-82ac6611f958,0,0,question
27555232-3f2e-4102-89c2-2d35d4d27007,4cdb310f-ad1a-41b5-8c62-ae52eca6f50d,0,0,question
27555232-3f2e-4102-89c2-2d35d4d27007,9924ff97-4777-4e6d-89ed-921c30ed4a85,0,0,question
27555232-3f2e-4102-89c2-2d35d4d27007,60de924d-9b49-4648-a8ee-9c316bacd916,0,0,question
27555232-3f2e-4102-89c2-2d35d4d27007,6b125ba2-c469-4044-b529-fdb08ff35886,0,0,question
27555232-3f2e-4102-89c2-2d35d4d27007,51a3f2d1-82f5-49c8-bf14-8d8f78f22b92,0,0,question
27555232-3f2e-4102-89c2-2d35d4d27007,8971fd8b-7312-45b2-90ee-7c37089c0045,0,0,question
27555232-3f2e-4102-89c2-2d35d4d27007,aceb8108-fcd0-4040-9ee7-8de020d95c41,0,0,question
27555232-3f2e-4102-89c2-2d35d4d27007,c39862bd-4bbc-4044-8fda-027a981eecab,0,0,question
27555232-3f2e-4102-89c2-2d35d4d27007,8bc8d981-db48-41fc-9bcf-c798f6649ed1,0,0,question
27555232-3f2e-4102-89c2-2d35d4d27007,4f28cf37-c9d9-445c-89c1-5487dfa2b34d,0,0,question
27555232-3f2e-4102-89c2-2d35d4d27007,6beef3cd-a16d-465e-9cfb-2416fa35ab59,0,0,question
27555232-3f2e-4102-89c2-2d35d4d27007,3c6a2e0b-fcb7-4cc6-bed9-379d7c502e10,0,0,question
27555232-3f2e-4102-89c2-2d35d4d27007,e97abf03-1670-4e91-94f9-2c5bf0c93334,0,0,question
27555232-3f2e-4102-89c2-2d35d4d27007,d6f5c067-52ec-40f2-b92e-2f3e2b6999ec,0,0,question
27555232-3f2e-4102-89c2-2d35d4d27007,948b8014-ae1d-4e9e-bde1-fc453d989dab,0,0,question
27555232-3f2e-4102-89c2-2d35d4d27007,2f16de80-973a-4fa9-b089-9a7c98d1e11f,0,0,question
27555232-3f2e-4102-89c2-2d35d4d27007,1f890c59-339e-4489-8a1d-76b454446fb2,0,0,question
27555232-3f2e-4102-89c2-2d35d4d27007,75695c6d-943b-41f2-944e-389b04576e8d,0,0,question
27555232-3f2e-4102-89c2-2d35d4d27007,f2a6f2d6-676d-4bac-9dd4-845c8621f4d7,0,0,question
27555232-3f2e-4102-89c2-2d35d4d27007,dd65b120-abb7-4687-98a0-445557a52885,0,0,question
27555232-3f2e-4102-89c2-2d35d4d27007,8bca8523-5e72-444c-85ee-8cef1124662a,0,0,question
27555232-3f2e-4102-89c2-2d35d4d27007,f851a637-bf92-437a-a6fb-587af27fb218,0,0,question
27555232-3f2e-4102-89c2-2d35d4d27007,5e92ef53-6696-4600-9fb7-377f52affeaa,0,0,question
27555232-3f2e-4102-89c2-2d35d4d27007,e64fdb77-24ba-488b-ad6b-51fd051387fd,0,0,question
27555232-3f2e-4102-89c2-2d35d4d27007,6950ede4-4a28-40b8-abe9-8d655949b7d8,0,0,question
27555232-3f2e-4102-89c2-2d35d4d27007,f013499c-0391-4e0e-bcdf-ebb6d38d6d8e,0,0,question
27555232-3f2e-4102-89c2-2d35d4d27007,d77959b8-5959-4026-9950-745303870ea7,0,0,question
27555232-3f2e-4102-89c2-2d35d4d27007,bd1a0593-5a3f-469e-8755-0d2d64c39593,0,0,question
27555232-3f2e-4102-89c2-2d35d4d27007,2fbdf5cb-ae81-483f-9b6e-8a0a07ff2643,0,0,question
27555232-3f2e-4102-89c2-2d35d4d27007,e084f053-bf9b-4711-98c3-4880bfd0e198,0,0,question
27555232-3f2e-4102-89c2-2d35d4d27007,91a69f22-2fe7-44ce-a327-3c993e963c0f,0,0,question
27555232-3f2e-4102-89c2-2d35d4d27007,cbf9f7c6-3e4f-4bf1-979a-da6fdf463c6e,0,0,question
27555232-3f2e-4102-89c2-2d35d4d27007,ccbd273a-4279-4880-8427-d6384448ae6e,0,0,question
27555232-3f2e-4102-89c2-2d35d4d27007,849e0a8a-5873-4eb9-9114-6e63da2f3708,0,0,question
27555232-3f2e-4102-89c2-2d35d4d27007,d4ec61f2-1acd-4778-8e9a-4fbfe5d5efd5,0,0,question
27555232-3f2e-4102-89c2-2d35d4d27007,9e8537e0-4f52-44e4-b14b-a1e95027a9f4,0,0,question
27555232-3f2e-4102-89c2-2d35d4d27007,70d45b69-f95b-4671-ab91-4f284d2ec1af,0,0,question
27555232-3f2e-4102-89c2-2d35d4d27007,f6de01cc-294d-4014-abc6-3b3ce6773364,0,0,question
27555232-3f2e-4102-89c2-2d35d4d27007,83f31472-cbc5-463e-b1d5-062c94fcd13d,0,0,question
27555232-3f2e-4102-89c2-2d35d4d27007,af033fda-8afe-48e0-a1fa-28851c6f9124,0,0,question
27555232-3f2e-4102-89c2-2d35d4d27007,e01ed063-2d18-446b-a2dd-497d84c6373d,0,0,question
27555232-3f2e-4102-89c2-2d35d4d27007,9dacca20-a1d7-4299-9df3-df4b9a295c81,0,0,question
27555232-3f2e-4102-89c2-2d35d4d27007,7263c2c6-a7d2-4942-b744-92530e9fb792,0,0,question
27555232-3f2e-4102-89c2-2d35d4d27007,57b4c1e6-75a5-48d5-b3cd-cb1f5ea691fc,0,0,question
27555232-3f2e-4102-89c2-2d35d4d27007,82466a83-de4e-450e-a405-b41c8986e5ee,0,0,question
27555232-3f2e-4102-89c2-2d35d4d27007,844ffb38-9043-47e6-9e08-84c5344bc3a6,0,0,question
27555232-3f2e-4102-89c2-2d35d4d27007,b424ff38-fea5-4dfd-a383-64b4568d8bd2,0,0,question
27555232-3f2e-4102-89c2-2d35d4d27007,6ec34cde-8e59-49d7-86ee-656db24ff27d,0,0,question
27555232-3f2e-4102-89c2-2d35d4d27007,cb565bba-351b-406c-b2a0-3e0ffce200e8,0,0,question
27555232-3f2e-4102-89c2-2d35d4d27007,fc74446c-41ea-44c0-a1cf-46381a193e00,0,0,question
27555232-3f2e-4102-89c2-2d35d4d27007,a3929b15-9dbd-469e-b966-f7218c12f2d5,0,0,question
27555232-3f2e-4102-89c2-2d35d4d27007,8fd3ac47-710f-4dc5-a2df-a87302d01a04,0,0,question
27555232-3f2e-4102-89c2-2d35d4d27007,51c28d68-2e2a-4253-bad7-d6b25f7ee131,0,0,question
27555232-3f2e-4102-89c2-2d35d4d27007,99cfc777-0fff-407a-84ed-9eaad88b798e,0,0,question
27555232-3f2e-4102-89c2-2d35d4d27007,d07b506e-edb2-4d74-8171-a0e3a52dc56b,0,0,question
27555232-3f2e-4102-89c2-2d35d4d27007,924cc6b2-adac-4254-be40-7cadc49debcd,0,0,question
27555232-3f2e-4102-89c2-2d35d4d27007,36fdc4d0-89a4-43d5-aad4-9c2a99bca71f,0,0,question
27555232-3f2e-4102-89c2-2d35d4d27007,c67aeaa1-494e-4614-8638-1bcbf9ba509c,0,0,question
27555232-3f2e-4102-89c2-2d35d4d27007,33bdec70-456c-43d4-997e-5a272c2f6e45,0,0,question
27555232-3f2e-4102-89c2-2d35d4d27007,b7333ab7-3758-4dad-bac6-e7493c52bc28,0,0,question
27555232-3f2e-4102-89c2-2d35d4d27007,773f0f3b-f4be-4e14-8b18-98e12a39be1c,0,0,question
27555232-3f2e-4102-89c2-2d35d4d27007,332b08f5-50ef-4dd8-996f-27e7b40f7561,0,0,question
27555232-3f2e-4102-89c2-2d35d4d27007,e74a7d0c-825a-4f1a-bfcd-9dbc59d62e70,0,0,question
27555232-3f2e-4102-89c2-2d35d4d27007,dfbfd3c8-78bc-4a9c-850e-e2a459d30892,0,0,question
27555232-3f2e-4102-89c2-2d35d4d27007,d0fd33e9-809a-426f-80c8-597968231df9,0,0,question
27555232-3f2e-4102-89c2-2d35d4d27007,4565f476-984b-4f18-8930-ef22e59b249a,0,0,question
27555232-3f2e-4102-89c2-2d35d4d27007,179253c8-7f66-4283-93d4-5ed5583814eb,0,0,question
27555232-3f2e-4102-89c2-2d35d4d27007,27427f99-6b25-4232-8158-49a100e9f5d2,0,0,question
27555232-3f2e-4102-89c2-2d35d4d27007,f2b97e3a-7e14-4566-8c6d-edfd444a00a2,0,0,question
27555232-3f2e-4102-89c2-2d35d4d27007,ecaff1f1-b37c-4e67-b578-cac1465323fd,0,0,question
27555232-3f2e-4102-89c2-2d35d4d27007,b488cc06-afff-413e-a142-e0228f332130,0,0,question
27555232-3f2e-4102-89c2-2d35d4d27007,633b1c70-e255-4c12-bfd8-7257e9c1d5e4,0,0,question
27555232-3f2e-4102-89c2-2d35d4d27007,1f51a08d-226a-4f92-8fb2-91e542afc3d6,0,0,question
27555232-3f2e-4102-89c2-2d35d4d27007,5b3eda07-f631-406a-ab8f-1085f8d9d88f,0,0,question
27555232-3f2e-4102-89c2-2d35d4d27007,b95ebc2c-fa55-4527-ada6-c9fb97bb7f92,0,0,question
b2d3e7d3-e10f-48cd-9fbd-7527bd2f697b,74a9eba3-ba6b-4c67-b625-e9aed81e54ed,0,0,question
b2d3e7d3-e10f-48cd-9fbd-7527bd2f697b,22f5aac9-fa65-4b04-b32e-a57d704bc24c,0,0,question
